id,query
1,?param_1=value
2,?param_2=value2
3,?param_3=value3
4,?param_4=value4
5,?param_5=value5
6,?param_1=value&param_2=value2&param_3=value3&param_4=value4&param_5=value5
7,?param_1=value&param_2=value2
8,?param_1=value&param_3=value3
9,?param_1=value&param_4=value4
10,?param_1=value&param_5=value5
11,?param_2=value2&param_1=value
12,?param_2=value2&param_3=value3
13,?param_2=value2&param_4=value4
14,?param_2=value2&param_5=value5
15,?param_3=value3&param_1=value
16,?param_3=value3&param_2=value2
17,?param_3=value3&param_4=value4
18,?param_3=value3&param_5=value5
19,?param_4=value4&param_1=value
20,?param_4=value4&param_2=value2
21,?param_4=value4&param_3=value3
22,?param_4=value4&param_5=value5
23,?param_5=value5&param_1=value
24,?param_5=value5&param_2=value2
25,?param_5=value5&param_3=value3
26,?param_5=value5&param_4=value4
